document_id,jurisdiction,doc_type,fiscal_year,release_date,source_url,pdf_path,parser_version,notes
ACT_2014-15_budget,ACT,budget,2014-15,2014-03-15,,data/raw/act/2014-15_budget.pdf,v0,State-specific name: Budget Papers (BP1 + BP2 + BP3 + supporting volumes). release_date is an estimate from typical release month --- replace with the actual gazetted date when known. URL TBD --- starting point: https://www.treasury.act.gov.au/budget
ACT_2014-15_myefo,ACT,myefo,2014-15,2014-12-15,,data/raw/act/2014-15_myefo.pdf,v0,State-specific name: Budget Review. release_date is an estimate from typical release month --- replace with the actual gazetted date when known. URL TBD --- starting point: https://www.treasury.act.gov.au/budget
ACT_2014-15_outcome,ACT,outcome,2014-15,2015-10-15,,data/raw/act/2014-15_outcome.pdf,v0,State-specific name: Consolidated Annual Financial Statements. release_date is an estimate from typical release month --- replace with the actual gazetted date when known. URL TBD --- starting point: https://www.treasury.act.gov.au/budget
ACT_2015-16_budget,ACT,budget,2015-16,2015-03-15,,data/raw/act/2015-16_budget.pdf,v0,State-specific name: Budget Papers (BP1 + BP2 + BP3 + supporting volumes). release_date is an estimate from typical release month --- replace with the actual gazetted date when known. URL TBD --- starting point: https://www.treasury.act.gov.au/budget
ACT_2015-16_myefo,ACT,myefo,2015-16,2015-12-15,,data/raw/act/2015-16_myefo.pdf,v0,State-specific name: Budget Review. release_date is an estimate from typical release month --- replace with the actual gazetted date when known. URL TBD --- starting point: https://www.treasury.act.gov.au/budget
ACT_2015-16_outcome,ACT,outcome,2015-16,2016-10-15,,data/raw/act/2015-16_outcome.pdf,v0,State-specific name: Consolidated Annual Financial Statements. release_date is an estimate from typical release month --- replace with the actual gazetted date when known. URL TBD --- starting point: https://www.treasury.act.gov.au/budget
ACT_2016-17_budget,ACT,budget,2016-17,2016-03-15,,data/raw/act/2016-17_budget.pdf,v0,State-specific name: Budget Papers (BP1 + BP2 + BP3 + supporting volumes). release_date is an estimate from typical release month --- replace with the actual gazetted date when known. URL TBD --- starting point: https://www.treasury.act.gov.au/budget
ACT_2016-17_myefo,ACT,myefo,2016-17,2016-12-15,,data/raw/act/2016-17_myefo.pdf,v0,State-specific name: Budget Review. release_date is an estimate from typical release month --- replace with the actual gazetted date when known. URL TBD --- starting point: https://www.treasury.act.gov.au/budget
ACT_2016-17_outcome,ACT,outcome,2016-17,2017-10-15,,data/raw/act/2016-17_outcome.pdf,v0,State-specific name: Consolidated Annual Financial Statements. release_date is an estimate from typical release month --- replace with the actual gazetted date when known. URL TBD --- starting point: https://www.treasury.act.gov.au/budget
ACT_2017-18_budget,ACT,budget,2017-18,2017-03-15,,data/raw/act/2017-18_budget.pdf,v0,State-specific name: Budget Papers (BP1 + BP2 + BP3 + supporting volumes). release_date is an estimate from typical release month --- replace with the actual gazetted date when known. URL TBD --- starting point: https://www.treasury.act.gov.au/budget
ACT_2017-18_myefo,ACT,myefo,2017-18,2017-12-15,,data/raw/act/2017-18_myefo.pdf,v0,State-specific name: Budget Review. release_date is an estimate from typical release month --- replace with the actual gazetted date when known. URL TBD --- starting point: https://www.treasury.act.gov.au/budget
ACT_2017-18_outcome,ACT,outcome,2017-18,2018-10-15,,data/raw/act/2017-18_outcome.pdf,v0,State-specific name: Consolidated Annual Financial Statements. release_date is an estimate from typical release month --- replace with the actual gazetted date when known. URL TBD --- starting point: https://www.treasury.act.gov.au/budget
ACT_2018-19_budget,ACT,budget,2018-19,2018-03-15,,data/raw/act/2018-19_budget.pdf,v0,State-specific name: Budget Papers (BP1 + BP2 + BP3 + supporting volumes). release_date is an estimate from typical release month --- replace with the actual gazetted date when known. URL TBD --- starting point: https://www.treasury.act.gov.au/budget
ACT_2018-19_myefo,ACT,myefo,2018-19,2018-12-15,,data/raw/act/2018-19_myefo.pdf,v0,State-specific name: Budget Review. release_date is an estimate from typical release month --- replace with the actual gazetted date when known. URL TBD --- starting point: https://www.treasury.act.gov.au/budget
ACT_2018-19_outcome,ACT,outcome,2018-19,2019-10-15,,data/raw/act/2018-19_outcome.pdf,v0,State-specific name: Consolidated Annual Financial Statements. release_date is an estimate from typical release month --- replace with the actual gazetted date when known. URL TBD --- starting point: https://www.treasury.act.gov.au/budget
ACT_2019-20_budget,ACT,budget,2019-20,2019-03-15,,data/raw/act/2019-20_budget.pdf,v0,State-specific name: Budget Papers (BP1 + BP2 + BP3 + supporting volumes). release_date is an estimate from typical release month --- replace with the actual gazetted date when known. URL TBD --- starting point: https://www.treasury.act.gov.au/budget
ACT_2019-20_myefo,ACT,myefo,2019-20,2019-12-15,,data/raw/act/2019-20_myefo.pdf,v0,State-specific name: Budget Review. release_date is an estimate from typical release month --- replace with the actual gazetted date when known. URL TBD --- starting point: https://www.treasury.act.gov.au/budget
ACT_2019-20_outcome,ACT,outcome,2019-20,2020-10-15,,data/raw/act/2019-20_outcome.pdf,v0,State-specific name: Consolidated Annual Financial Statements. release_date is an estimate from typical release month --- replace with the actual gazetted date when known. URL TBD --- starting point: https://www.treasury.act.gov.au/budget
ACT_2020-21_budget,ACT,budget,2020-21,2020-03-15,,data/raw/act/2020-21_budget.pdf,v0,State-specific name: Budget Papers (BP1 + BP2 + BP3 + supporting volumes). release_date is an estimate from typical release month --- replace with the actual gazetted date when known. URL TBD --- starting point: https://www.treasury.act.gov.au/budget
ACT_2020-21_myefo,ACT,myefo,2020-21,2020-12-15,,data/raw/act/2020-21_myefo.pdf,v0,State-specific name: Budget Review. release_date is an estimate from typical release month --- replace with the actual gazetted date when known. URL TBD --- starting point: https://www.treasury.act.gov.au/budget
ACT_2020-21_outcome,ACT,outcome,2020-21,2021-10-15,,data/raw/act/2020-21_outcome.pdf,v0,State-specific name: Consolidated Annual Financial Statements. release_date is an estimate from typical release month --- replace with the actual gazetted date when known. URL TBD --- starting point: https://www.treasury.act.gov.au/budget
ACT_2021-22_budget,ACT,budget,2021-22,2021-03-15,,data/raw/act/2021-22_budget.pdf,v0,State-specific name: Budget Papers (BP1 + BP2 + BP3 + supporting volumes). release_date is an estimate from typical release month --- replace with the actual gazetted date when known. URL TBD --- starting point: https://www.treasury.act.gov.au/budget
ACT_2021-22_myefo,ACT,myefo,2021-22,2021-12-15,,data/raw/act/2021-22_myefo.pdf,v0,State-specific name: Budget Review. release_date is an estimate from typical release month --- replace with the actual gazetted date when known. URL TBD --- starting point: https://www.treasury.act.gov.au/budget
ACT_2021-22_outcome,ACT,outcome,2021-22,2022-10-15,,data/raw/act/2021-22_outcome.pdf,v0,State-specific name: Consolidated Annual Financial Statements. release_date is an estimate from typical release month --- replace with the actual gazetted date when known. URL TBD --- starting point: https://www.treasury.act.gov.au/budget
ACT_2022-23_budget,ACT,budget,2022-23,2022-03-15,,data/raw/act/2022-23_budget.pdf,v0,State-specific name: Budget Papers (BP1 + BP2 + BP3 + supporting volumes). release_date is an estimate from typical release month --- replace with the actual gazetted date when known. URL TBD --- starting point: https://www.treasury.act.gov.au/budget
ACT_2022-23_myefo,ACT,myefo,2022-23,2022-12-15,,data/raw/act/2022-23_myefo.pdf,v0,State-specific name: Budget Review. release_date is an estimate from typical release month --- replace with the actual gazetted date when known. URL TBD --- starting point: https://www.treasury.act.gov.au/budget
ACT_2022-23_outcome,ACT,outcome,2022-23,2023-10-15,,data/raw/act/2022-23_outcome.pdf,v0,State-specific name: Consolidated Annual Financial Statements. release_date is an estimate from typical release month --- replace with the actual gazetted date when known. URL TBD --- starting point: https://www.treasury.act.gov.au/budget
ACT_2023-24_budget,ACT,budget,2023-24,2023-03-15,,data/raw/act/2023-24_budget.pdf,v0,State-specific name: Budget Papers (BP1 + BP2 + BP3 + supporting volumes). release_date is an estimate from typical release month --- replace with the actual gazetted date when known. URL TBD --- starting point: https://www.treasury.act.gov.au/budget
ACT_2023-24_myefo,ACT,myefo,2023-24,2023-12-15,,data/raw/act/2023-24_myefo.pdf,v0,State-specific name: Budget Review. release_date is an estimate from typical release month --- replace with the actual gazetted date when known. URL TBD --- starting point: https://www.treasury.act.gov.au/budget
ACT_2023-24_outcome,ACT,outcome,2023-24,2024-10-15,,data/raw/act/2023-24_outcome.pdf,v0,State-specific name: Consolidated Annual Financial Statements. release_date is an estimate from typical release month --- replace with the actual gazetted date when known. URL TBD --- starting point: https://www.treasury.act.gov.au/budget
ACT_2024-25_budget,ACT,budget,2024-25,2024-03-15,,data/raw/act/2024-25_budget.pdf,v0,State-specific name: Budget Papers (BP1 + BP2 + BP3 + supporting volumes). release_date is an estimate from typical release month --- replace with the actual gazetted date when known. URL TBD --- starting point: https://www.treasury.act.gov.au/budget
ACT_2024-25_myefo,ACT,myefo,2024-25,2024-12-15,,data/raw/act/2024-25_myefo.pdf,v0,State-specific name: Budget Review. release_date is an estimate from typical release month --- replace with the actual gazetted date when known. URL TBD --- starting point: https://www.treasury.act.gov.au/budget
ACT_2024-25_outcome,ACT,outcome,2024-25,2025-10-15,,data/raw/act/2024-25_outcome.pdf,v0,State-specific name: Consolidated Annual Financial Statements. release_date is an estimate from typical release month --- replace with the actual gazetted date when known. URL TBD --- starting point: https://www.treasury.act.gov.au/budget
ACT_2025-26_budget,ACT,budget,2025-26,2025-03-15,,data/raw/act/2025-26_budget.pdf,v0,State-specific name: Budget Papers (BP1 + BP2 + BP3 + supporting volumes). release_date is an estimate from typical release month --- replace with the actual gazetted date when known. URL TBD --- starting point: https://www.treasury.act.gov.au/budget
ACT_2025-26_myefo,ACT,myefo,2025-26,2025-12-15,,data/raw/act/2025-26_myefo.pdf,v0,State-specific name: Budget Review. release_date is an estimate from typical release month --- replace with the actual gazetted date when known. URL TBD --- starting point: https://www.treasury.act.gov.au/budget
NSW_2014-15_budget,NSW,budget,2014-15,2014-06-15,https://www.budget.nsw.gov.au/sites/default/files/2022-03/2014-15_Budget-Paper-No-2-Budget-Statement.pdf,data/raw/nsw/2014-15_budget.pdf,v0,Source URL scraped from budget.nsw.gov.au/budget-archives.
NSW_2014-15_myefo,NSW,myefo,2014-15,2014-12-15,https://www.budget.nsw.gov.au/sites/default/files/pdf/2014-15_Half-Yearly_Budget_Review.pdf,data/raw/nsw/2014-15_myefo.pdf,v0,Source URL scraped from budget.nsw.gov.au/budget-archives.
NSW_2014-15_outcome,NSW,outcome,2014-15,2015-10-15,,data/raw/nsw/2014-15_outcome.pdf,v0,State-specific name: Final Budget Outcome / Report on State Finances. release_date is an estimate from typical release month --- replace with the actual gazetted date when known. URL TBD --- starting point: https://www.budget.nsw.gov.au/
NSW_2015-16_budget,NSW,budget,2015-16,2015-06-15,https://www.budget.nsw.gov.au/sites/default/files/2022-03/2015-16_Budget-Paper-No-1-Budget-Statement.pdf,data/raw/nsw/2015-16_budget.pdf,v0,Source URL scraped from budget.nsw.gov.au/budget-archives.
NSW_2015-16_myefo,NSW,myefo,2015-16,2015-12-15,https://www.budget.nsw.gov.au/sites/default/files/pdf/2015-16_Half-Yearly_Budget_Review.pdf,data/raw/nsw/2015-16_myefo.pdf,v0,Source URL scraped from budget.nsw.gov.au/budget-archives.
NSW_2015-16_outcome,NSW,outcome,2015-16,2016-10-15,,data/raw/nsw/2015-16_outcome.pdf,v0,State-specific name: Final Budget Outcome / Report on State Finances. release_date is an estimate from typical release month --- replace with the actual gazetted date when known. URL TBD --- starting point: https://www.budget.nsw.gov.au/
NSW_2016-17_budget,NSW,budget,2016-17,2016-06-15,https://www.budget.nsw.gov.au/sites/default/files/2022-03/2016-17_Budget-Paper-No-1-Budget-Statement.pdf,data/raw/nsw/2016-17_budget.pdf,v0,Source URL scraped from budget.nsw.gov.au/budget-archives.
NSW_2016-17_myefo,NSW,myefo,2016-17,2016-12-15,https://www.budget.nsw.gov.au/sites/default/files/2022-03/2016-17_Half-Yearly-Review.pdf,data/raw/nsw/2016-17_myefo.pdf,v0,Source URL scraped from budget.nsw.gov.au/budget-archives.
NSW_2016-17_outcome,NSW,outcome,2016-17,2017-10-15,,data/raw/nsw/2016-17_outcome.pdf,v0,State-specific name: Final Budget Outcome / Report on State Finances. release_date is an estimate from typical release month --- replace with the actual gazetted date when known. URL TBD --- starting point: https://www.budget.nsw.gov.au/
NSW_2017-18_budget,NSW,budget,2017-18,2017-06-15,https://www.budget.nsw.gov.au/sites/default/files/2022-03/2017-18_Budget-Paper-1-Budget-Statement.pdf,data/raw/nsw/2017-18_budget.pdf,v0,Source URL scraped from budget.nsw.gov.au/budget-archives.
NSW_2017-18_myefo,NSW,myefo,2017-18,2017-12-15,https://www.budget.nsw.gov.au/sites/default/files/2022-03/2017-18_Half-Yearly-Review.pdf,data/raw/nsw/2017-18_myefo.pdf,v0,Source URL scraped from budget.nsw.gov.au/budget-archives.
NSW_2017-18_outcome,NSW,outcome,2017-18,2018-10-15,,data/raw/nsw/2017-18_outcome.pdf,v0,State-specific name: Final Budget Outcome / Report on State Finances. release_date is an estimate from typical release month --- replace with the actual gazetted date when known. URL TBD --- starting point: https://www.budget.nsw.gov.au/
NSW_2018-19_budget,NSW,budget,2018-19,2018-06-15,https://www.budget.nsw.gov.au/sites/default/files/2022-03/2018-19_Budget-Paper-No-1-Budget-Statement.pdf,data/raw/nsw/2018-19_budget.pdf,v0,Source URL scraped from budget.nsw.gov.au/budget-archives.
NSW_2018-19_myefo,NSW,myefo,2018-19,2018-12-15,https://www.budget.nsw.gov.au/sites/default/files/2022-03/2018-19_Half-Yearly-Review.pdf,data/raw/nsw/2018-19_myefo.pdf,v0,Source URL scraped from budget.nsw.gov.au/budget-archives.
NSW_2018-19_outcome,NSW,outcome,2018-19,2019-10-15,,data/raw/nsw/2018-19_outcome.pdf,v0,State-specific name: Final Budget Outcome / Report on State Finances. release_date is an estimate from typical release month --- replace with the actual gazetted date when known. URL TBD --- starting point: https://www.budget.nsw.gov.au/
NSW_2019-20_budget,NSW,budget,2019-20,2019-06-15,https://www.budget.nsw.gov.au/sites/default/files/2022-03/2019-20_Budget-Paper-No-1-Budget-Statement.pdf,data/raw/nsw/2019-20_budget.pdf,v0,Source URL scraped from budget.nsw.gov.au/budget-archives.
NSW_2019-20_myefo,NSW,myefo,2019-20,2019-12-15,https://www.budget.nsw.gov.au/sites/default/files/2022-03/2019-20_Half-Yearly-Review.pdf,data/raw/nsw/2019-20_myefo.pdf,v0,Source URL scraped from budget.nsw.gov.au/budget-archives.
NSW_2019-20_outcome,NSW,outcome,2019-20,2020-10-15,,data/raw/nsw/2019-20_outcome.pdf,v0,State-specific name: Final Budget Outcome / Report on State Finances. release_date is an estimate from typical release month --- replace with the actual gazetted date when known. URL TBD --- starting point: https://www.budget.nsw.gov.au/
NSW_2020-21_budget,NSW,budget,2020-21,2020-06-15,https://www.budget.nsw.gov.au/sites/default/files/2022-03/2020-21_Budget-Paper-No-1-Budget-Statement.pdf,data/raw/nsw/2020-21_budget.pdf,v0,Source URL scraped from budget.nsw.gov.au/budget-archives.
NSW_2020-21_myefo,NSW,myefo,2020-21,2020-12-15,https://www.budget.nsw.gov.au/sites/default/files/2022-03/2020-21_Half-Yearly-Review.pdf,data/raw/nsw/2020-21_myefo.pdf,v0,Source URL scraped from budget.nsw.gov.au/budget-archives.
NSW_2020-21_outcome,NSW,outcome,2020-21,2021-10-15,,data/raw/nsw/2020-21_outcome.pdf,v0,State-specific name: Final Budget Outcome / Report on State Finances. release_date is an estimate from typical release month --- replace with the actual gazetted date when known. URL TBD --- starting point: https://www.budget.nsw.gov.au/
NSW_2021-22_budget,NSW,budget,2021-22,2021-06-15,https://www.budget.nsw.gov.au/sites/default/files/2022-06/2021-22_Budget-Paper-No-1-Budget-Statement.pdf,data/raw/nsw/2021-22_budget.pdf,v0,Source URL scraped from budget.nsw.gov.au/budget-archives.
NSW_2021-22_myefo,NSW,myefo,2021-22,2021-12-15,https://www.budget.nsw.gov.au/sites/default/files/2021-12/2021-22_Half-Yearly-Budget-Review-Full-Report.pdf,data/raw/nsw/2021-22_myefo.pdf,v0,Source URL scraped from budget.nsw.gov.au/budget-archives.
NSW_2021-22_outcome,NSW,outcome,2021-22,2022-10-15,,data/raw/nsw/2021-22_outcome.pdf,v0,State-specific name: Final Budget Outcome / Report on State Finances. release_date is an estimate from typical release month --- replace with the actual gazetted date when known. URL TBD --- starting point: https://www.budget.nsw.gov.au/
NSW_2022-23_budget,NSW,budget,2022-23,2022-06-15,https://www.budget.nsw.gov.au/sites/default/files/2022-06/2022-23_03_Budget-Paper-No-1-Budget-Statement.pdf,data/raw/nsw/2022-23_budget.pdf,v0,Source URL scraped from budget.nsw.gov.au/budget-archives.
NSW_2022-23_myefo,NSW,myefo,2022-23,2022-12-15,https://www.budget.nsw.gov.au/sites/default/files/2023-02/2022-23-Half-Yearly-Budget-Review.pdf,data/raw/nsw/2022-23_myefo.pdf,v0,Source URL scraped from budget.nsw.gov.au/budget-archives.
NSW_2022-23_outcome,NSW,outcome,2022-23,2023-10-15,,data/raw/nsw/2022-23_outcome.pdf,v0,State-specific name: Final Budget Outcome / Report on State Finances. release_date is an estimate from typical release month --- replace with the actual gazetted date when known. URL TBD --- starting point: https://www.budget.nsw.gov.au/
NSW_2023-24_budget,NSW,budget,2023-24,2023-06-15,https://www.budget.nsw.gov.au/sites/default/files/2023-10/2023-24_01_Budget-Paper-No-1-Budget_Statement_v2.pdf,data/raw/nsw/2023-24_budget.pdf,v0,Source URL scraped from budget.nsw.gov.au/budget-archives.
NSW_2023-24_myefo,NSW,myefo,2023-24,2023-12-15,https://www.budget.nsw.gov.au/sites/default/files/2023-12/20231214_2023-24-Half-Yearly-Review.pdf,data/raw/nsw/2023-24_myefo.pdf,v0,Source URL scraped from budget.nsw.gov.au/budget-archives.
NSW_2023-24_outcome,NSW,outcome,2023-24,2024-10-25,https://www.budget.nsw.gov.au/2023-24/final-budget-outcome,data/raw/nsw/2023-24_outcome.pdf,v0,Confirmed seed row.
NSW_2024-25_budget,NSW,budget,2024-25,2024-06-18,https://www.budget.nsw.gov.au/sites/default/files/2024-09/Budget-Paper-No.1_Budget-Statement-Budget-2024-25.pdf,data/raw/nsw/2024-25_budget.pdf,v0,Source URL scraped from budget.nsw.gov.au/budget-archives.
NSW_2024-25_myefo,NSW,myefo,2024-25,2024-12-17,https://www.budget.nsw.gov.au/sites/default/files/2024-12/20241218_2024-25_Half-Yearly-Review.pdf,data/raw/nsw/2024-25_myefo.pdf,v0,Source URL scraped from budget.nsw.gov.au/budget-archives.
NSW_2024-25_outcome,NSW,outcome,2024-25,2025-10-15,,data/raw/nsw/2024-25_outcome.pdf,v0,State-specific name: Final Budget Outcome / Report on State Finances. release_date is an estimate from typical release month --- replace with the actual gazetted date when known. URL TBD --- starting point: https://www.budget.nsw.gov.au/
NSW_2025-26_budget,NSW,budget,2025-26,2025-06-15,,data/raw/nsw/2025-26_budget.pdf,v0,State-specific name: Budget Papers (BP1 + BP2 + BP3 + supporting volumes). release_date is an estimate from typical release month --- replace with the actual gazetted date when known. URL TBD --- starting point: https://www.budget.nsw.gov.au/
NSW_2025-26_myefo,NSW,myefo,2025-26,2025-12-15,,data/raw/nsw/2025-26_myefo.pdf,v0,State-specific name: Half-Yearly Review. release_date is an estimate from typical release month --- replace with the actual gazetted date when known. URL TBD --- starting point: https://www.budget.nsw.gov.au/
NT_2014-15_budget,NT,budget,2014-15,2014-05-15,,data/raw/nt/2014-15_budget.pdf,v0,State-specific name: Budget Papers (BP1 + BP2 + BP3 + supporting volumes). release_date is an estimate from typical release month --- replace with the actual gazetted date when known. URL TBD --- starting point: https://budget.nt.gov.au/
NT_2014-15_myefo,NT,myefo,2014-15,2014-12-15,,data/raw/nt/2014-15_myefo.pdf,v0,State-specific name: Mid-Year Report. release_date is an estimate from typical release month --- replace with the actual gazetted date when known. URL TBD --- starting point: https://budget.nt.gov.au/
NT_2014-15_outcome,NT,outcome,2014-15,2015-09-15,,data/raw/nt/2014-15_outcome.pdf,v0,State-specific name: Treasurer's Annual Financial Report. release_date is an estimate from typical release month --- replace with the actual gazetted date when known. URL TBD --- starting point: https://budget.nt.gov.au/
NT_2015-16_budget,NT,budget,2015-16,2015-05-15,,data/raw/nt/2015-16_budget.pdf,v0,State-specific name: Budget Papers (BP1 + BP2 + BP3 + supporting volumes). release_date is an estimate from typical release month --- replace with the actual gazetted date when known. URL TBD --- starting point: https://budget.nt.gov.au/
NT_2015-16_myefo,NT,myefo,2015-16,2015-12-15,,data/raw/nt/2015-16_myefo.pdf,v0,State-specific name: Mid-Year Report. release_date is an estimate from typical release month --- replace with the actual gazetted date when known. URL TBD --- starting point: https://budget.nt.gov.au/
NT_2015-16_outcome,NT,outcome,2015-16,2016-09-15,,data/raw/nt/2015-16_outcome.pdf,v0,State-specific name: Treasurer's Annual Financial Report. release_date is an estimate from typical release month --- replace with the actual gazetted date when known. URL TBD --- starting point: https://budget.nt.gov.au/
NT_2016-17_budget,NT,budget,2016-17,2016-05-15,https://treasury.nt.gov.au/pms/financial-management/previous-budgets/2016-17/Budget-Paper-2-2016-17.pdf,data/raw/nt/2016-17_budget.pdf,v0,Source URL scraped from treasury.nt.gov.au previous budget papers.
NT_2016-17_myefo,NT,myefo,2016-17,2016-12-15,,data/raw/nt/2016-17_myefo.pdf,v0,State-specific name: Mid-Year Report. release_date is an estimate from typical release month --- replace with the actual gazetted date when known. URL TBD --- starting point: https://budget.nt.gov.au/
NT_2016-17_outcome,NT,outcome,2016-17,2017-09-15,,data/raw/nt/2016-17_outcome.pdf,v0,State-specific name: Treasurer's Annual Financial Report. release_date is an estimate from typical release month --- replace with the actual gazetted date when known. URL TBD --- starting point: https://budget.nt.gov.au/
NT_2017-18_budget,NT,budget,2017-18,2017-05-15,https://treasury.nt.gov.au/pms/financial-management/previous-budgets/2017-18/BP2-2017-18-book.pdf,data/raw/nt/2017-18_budget.pdf,v0,Source URL scraped from treasury.nt.gov.au previous budget papers.
NT_2017-18_myefo,NT,myefo,2017-18,2017-12-15,,data/raw/nt/2017-18_myefo.pdf,v0,State-specific name: Mid-Year Report. release_date is an estimate from typical release month --- replace with the actual gazetted date when known. URL TBD --- starting point: https://budget.nt.gov.au/
NT_2017-18_outcome,NT,outcome,2017-18,2018-09-15,,data/raw/nt/2017-18_outcome.pdf,v0,State-specific name: Treasurer's Annual Financial Report. release_date is an estimate from typical release month --- replace with the actual gazetted date when known. URL TBD --- starting point: https://budget.nt.gov.au/
NT_2018-19_budget,NT,budget,2018-19,2018-05-15,https://treasury.nt.gov.au/pms/financial-management/previous-budgets/2018-19/2018-19-BP2-book.pdf,data/raw/nt/2018-19_budget.pdf,v0,Source URL scraped from treasury.nt.gov.au previous budget papers.
NT_2018-19_myefo,NT,myefo,2018-19,2018-12-15,,data/raw/nt/2018-19_myefo.pdf,v0,State-specific name: Mid-Year Report. release_date is an estimate from typical release month --- replace with the actual gazetted date when known. URL TBD --- starting point: https://budget.nt.gov.au/
NT_2018-19_outcome,NT,outcome,2018-19,2019-09-15,,data/raw/nt/2018-19_outcome.pdf,v0,State-specific name: Treasurer's Annual Financial Report. release_date is an estimate from typical release month --- replace with the actual gazetted date when known. URL TBD --- starting point: https://budget.nt.gov.au/
NT_2019-20_budget,NT,budget,2019-20,2019-05-15,https://treasury.nt.gov.au/pms/financial-management/previous-budgets/budget-2019/2019-20-BP2-book.pdf,data/raw/nt/2019-20_budget.pdf,v0,Source URL scraped from treasury.nt.gov.au previous budget papers.
NT_2019-20_myefo,NT,myefo,2019-20,2019-12-15,,data/raw/nt/2019-20_myefo.pdf,v0,State-specific name: Mid-Year Report. release_date is an estimate from typical release month --- replace with the actual gazetted date when known. URL TBD --- starting point: https://budget.nt.gov.au/
NT_2019-20_outcome,NT,outcome,2019-20,2020-09-15,,data/raw/nt/2019-20_outcome.pdf,v0,State-specific name: Treasurer's Annual Financial Report. release_date is an estimate from typical release month --- replace with the actual gazetted date when known. URL TBD --- starting point: https://budget.nt.gov.au/
NT_2020-21_budget,NT,budget,2020-21,2020-05-15,,data/raw/nt/2020-21_budget.pdf,v0,State-specific name: Budget Papers (BP1 + BP2 + BP3 + supporting volumes). release_date is an estimate from typical release month --- replace with the actual gazetted date when known. URL TBD --- starting point: https://budget.nt.gov.au/
NT_2020-21_myefo,NT,myefo,2020-21,2020-12-15,,data/raw/nt/2020-21_myefo.pdf,v0,State-specific name: Mid-Year Report. release_date is an estimate from typical release month --- replace with the actual gazetted date when known. URL TBD --- starting point: https://budget.nt.gov.au/
NT_2020-21_outcome,NT,outcome,2020-21,2021-09-15,,data/raw/nt/2020-21_outcome.pdf,v0,State-specific name: Treasurer's Annual Financial Report. release_date is an estimate from typical release month --- replace with the actual gazetted date when known. URL TBD --- starting point: https://budget.nt.gov.au/
NT_2021-22_budget,NT,budget,2021-22,2021-05-15,https://treasury.nt.gov.au/pms/financial-management/previous-budgets/budget-2021/2021-22-BP2-book.pdf,data/raw/nt/2021-22_budget.pdf,v0,Source URL scraped from treasury.nt.gov.au previous budget papers.
NT_2021-22_myefo,NT,myefo,2021-22,2021-12-15,,data/raw/nt/2021-22_myefo.pdf,v0,State-specific name: Mid-Year Report. release_date is an estimate from typical release month --- replace with the actual gazetted date when known. URL TBD --- starting point: https://budget.nt.gov.au/
NT_2021-22_outcome,NT,outcome,2021-22,2022-09-15,,data/raw/nt/2021-22_outcome.pdf,v0,State-specific name: Treasurer's Annual Financial Report. release_date is an estimate from typical release month --- replace with the actual gazetted date when known. URL TBD --- starting point: https://budget.nt.gov.au/
NT_2022-23_budget,NT,budget,2022-23,2022-05-15,https://treasury.nt.gov.au/pms/financial-management/previous-budgets/budget-2022/2022-23-bp2-book.pdf,data/raw/nt/2022-23_budget.pdf,v0,Source URL scraped from treasury.nt.gov.au previous budget papers.
NT_2022-23_myefo,NT,myefo,2022-23,2022-12-15,,data/raw/nt/2022-23_myefo.pdf,v0,State-specific name: Mid-Year Report. release_date is an estimate from typical release month --- replace with the actual gazetted date when known. URL TBD --- starting point: https://budget.nt.gov.au/
NT_2022-23_outcome,NT,outcome,2022-23,2023-09-15,,data/raw/nt/2022-23_outcome.pdf,v0,State-specific name: Treasurer's Annual Financial Report. release_date is an estimate from typical release month --- replace with the actual gazetted date when known. URL TBD --- starting point: https://budget.nt.gov.au/
NT_2023-24_budget,NT,budget,2023-24,2023-05-15,https://treasury.nt.gov.au/pms/financial-management/previous-budgets/budget-2023/2023-24-bp2-budget-strategy-outlook.pdf,data/raw/nt/2023-24_budget.pdf,v0,Source URL scraped from treasury.nt.gov.au previous budget papers.
NT_2023-24_myefo,NT,myefo,2023-24,2023-12-15,,data/raw/nt/2023-24_myefo.pdf,v0,State-specific name: Mid-Year Report. release_date is an estimate from typical release month --- replace with the actual gazetted date when known. URL TBD --- starting point: https://budget.nt.gov.au/
NT_2023-24_outcome,NT,outcome,2023-24,2024-09-15,,data/raw/nt/2023-24_outcome.pdf,v0,State-specific name: Treasurer's Annual Financial Report. release_date is an estimate from typical release month --- replace with the actual gazetted date when known. URL TBD --- starting point: https://budget.nt.gov.au/
NT_2024-25_budget,NT,budget,2024-25,2024-05-15,https://treasury.nt.gov.au/pms/financial-management/previous-budgets/budget-2024/2024-25-bp2-book.pdf,data/raw/nt/2024-25_budget.pdf,v0,Source URL scraped from treasury.nt.gov.au previous budget papers.
NT_2024-25_myefo,NT,myefo,2024-25,2024-12-15,,data/raw/nt/2024-25_myefo.pdf,v0,State-specific name: Mid-Year Report. release_date is an estimate from typical release month --- replace with the actual gazetted date when known. URL TBD --- starting point: https://budget.nt.gov.au/
NT_2024-25_outcome,NT,outcome,2024-25,2025-09-15,,data/raw/nt/2024-25_outcome.pdf,v0,State-specific name: Treasurer's Annual Financial Report. release_date is an estimate from typical release month --- replace with the actual gazetted date when known. URL TBD --- starting point: https://budget.nt.gov.au/
NT_2025-26_budget,NT,budget,2025-26,2025-05-15,https://budget.nt.gov.au/_resources/documents/2025/papers/2025-26-bp2-book.pdf,data/raw/nt/2025-26_budget.pdf,v0,Source URL scraped from treasury.nt.gov.au previous budget papers.
NT_2025-26_myefo,NT,myefo,2025-26,2025-12-15,,data/raw/nt/2025-26_myefo.pdf,v0,State-specific name: Mid-Year Report. release_date is an estimate from typical release month --- replace with the actual gazetted date when known. URL TBD --- starting point: https://budget.nt.gov.au/
QLD_2014-15_budget,QLD,budget,2014-15,2014-06-15,https://www.treasury.qld.gov.au/files/bp2-2014-15.pdf,data/raw/qld/2014-15_budget.pdf,v0,Source URL scraped from treasury.qld.gov.au / budget.qld.gov.au.
QLD_2014-15_myefo,QLD,myefo,2014-15,2014-12-15,,data/raw/qld/2014-15_myefo.pdf,v0,State-specific name: Mid-Year Fiscal and Economic Review. release_date is an estimate from typical release month --- replace with the actual gazetted date when known. URL TBD --- starting point: https://budget.qld.gov.au/
QLD_2014-15_outcome,QLD,outcome,2014-15,2015-09-15,,data/raw/qld/2014-15_outcome.pdf,v0,State-specific name: Report on State Finances. release_date is an estimate from typical release month --- replace with the actual gazetted date when known. URL TBD --- starting point: https://budget.qld.gov.au/
QLD_2015-16_budget,QLD,budget,2015-16,2015-06-15,https://www.treasury.qld.gov.au/files/state-budget-2015-16-bp2.pdf,data/raw/qld/2015-16_budget.pdf,v0,Source URL scraped from treasury.qld.gov.au / budget.qld.gov.au.
QLD_2015-16_myefo,QLD,myefo,2015-16,2015-12-15,,data/raw/qld/2015-16_myefo.pdf,v0,State-specific name: Mid-Year Fiscal and Economic Review. release_date is an estimate from typical release month --- replace with the actual gazetted date when known. URL TBD --- starting point: https://budget.qld.gov.au/
QLD_2015-16_outcome,QLD,outcome,2015-16,2016-09-15,,data/raw/qld/2015-16_outcome.pdf,v0,State-specific name: Report on State Finances. release_date is an estimate from typical release month --- replace with the actual gazetted date when known. URL TBD --- starting point: https://budget.qld.gov.au/
QLD_2016-17_budget,QLD,budget,2016-17,2016-06-15,https://www.treasury.qld.gov.au/files/bp2-2016-17.pdf,data/raw/qld/2016-17_budget.pdf,v0,Source URL scraped from treasury.qld.gov.au / budget.qld.gov.au.
QLD_2016-17_myefo,QLD,myefo,2016-17,2016-12-15,,data/raw/qld/2016-17_myefo.pdf,v0,State-specific name: Mid-Year Fiscal and Economic Review. release_date is an estimate from typical release month --- replace with the actual gazetted date when known. URL TBD --- starting point: https://budget.qld.gov.au/
QLD_2016-17_outcome,QLD,outcome,2016-17,2017-09-15,,data/raw/qld/2016-17_outcome.pdf,v0,State-specific name: Report on State Finances. release_date is an estimate from typical release month --- replace with the actual gazetted date when known. URL TBD --- starting point: https://budget.qld.gov.au/
QLD_2017-18_budget,QLD,budget,2017-18,2017-06-15,https://www.treasury.qld.gov.au/files/bp2-2017-18.pdf,data/raw/qld/2017-18_budget.pdf,v0,Source URL scraped from treasury.qld.gov.au / budget.qld.gov.au.
QLD_2017-18_myefo,QLD,myefo,2017-18,2017-12-15,,data/raw/qld/2017-18_myefo.pdf,v0,State-specific name: Mid-Year Fiscal and Economic Review. release_date is an estimate from typical release month --- replace with the actual gazetted date when known. URL TBD --- starting point: https://budget.qld.gov.au/
QLD_2017-18_outcome,QLD,outcome,2017-18,2018-09-15,,data/raw/qld/2017-18_outcome.pdf,v0,State-specific name: Report on State Finances. release_date is an estimate from typical release month --- replace with the actual gazetted date when known. URL TBD --- starting point: https://budget.qld.gov.au/
QLD_2018-19_budget,QLD,budget,2018-19,2018-06-15,https://www.treasury.qld.gov.au/files/BP2-2018-19.pdf,data/raw/qld/2018-19_budget.pdf,v0,Source URL scraped from treasury.qld.gov.au / budget.qld.gov.au.
QLD_2018-19_myefo,QLD,myefo,2018-19,2018-12-15,,data/raw/qld/2018-19_myefo.pdf,v0,State-specific name: Mid-Year Fiscal and Economic Review. release_date is an estimate from typical release month --- replace with the actual gazetted date when known. URL TBD --- starting point: https://budget.qld.gov.au/
QLD_2018-19_outcome,QLD,outcome,2018-19,2019-09-15,,data/raw/qld/2018-19_outcome.pdf,v0,State-specific name: Report on State Finances. release_date is an estimate from typical release month --- replace with the actual gazetted date when known. URL TBD --- starting point: https://budget.qld.gov.au/
QLD_2019-20_budget,QLD,budget,2019-20,2019-06-15,https://www.treasury.qld.gov.au/files/BP2.pdf,data/raw/qld/2019-20_budget.pdf,v0,Source URL scraped from treasury.qld.gov.au / budget.qld.gov.au.
QLD_2019-20_myefo,QLD,myefo,2019-20,2019-12-15,,data/raw/qld/2019-20_myefo.pdf,v0,State-specific name: Mid-Year Fiscal and Economic Review. release_date is an estimate from typical release month --- replace with the actual gazetted date when known. URL TBD --- starting point: https://budget.qld.gov.au/
QLD_2019-20_outcome,QLD,outcome,2019-20,2020-09-15,,data/raw/qld/2019-20_outcome.pdf,v0,State-specific name: Report on State Finances. release_date is an estimate from typical release month --- replace with the actual gazetted date when known. URL TBD --- starting point: https://budget.qld.gov.au/
QLD_2020-21_budget,QLD,budget,2020-21,2020-06-15,,data/raw/qld/2020-21_budget.pdf,v0,State-specific name: Budget Papers (BP1 + BP2 + BP3 + supporting volumes). release_date is an estimate from typical release month --- replace with the actual gazetted date when known. URL TBD --- starting point: https://budget.qld.gov.au/
QLD_2020-21_myefo,QLD,myefo,2020-21,2020-12-15,,data/raw/qld/2020-21_myefo.pdf,v0,State-specific name: Mid-Year Fiscal and Economic Review. release_date is an estimate from typical release month --- replace with the actual gazetted date when known. URL TBD --- starting point: https://budget.qld.gov.au/
QLD_2020-21_outcome,QLD,outcome,2020-21,2021-09-15,,data/raw/qld/2020-21_outcome.pdf,v0,State-specific name: Report on State Finances. release_date is an estimate from typical release month --- replace with the actual gazetted date when known. URL TBD --- starting point: https://budget.qld.gov.au/
QLD_2021-22_budget,QLD,budget,2021-22,2021-06-15,https://www.treasury.qld.gov.au/files/Budget_2021-22_Budget_Strategy_Outlook.pdf,data/raw/qld/2021-22_budget.pdf,v0,Source URL scraped from treasury.qld.gov.au / budget.qld.gov.au.
QLD_2021-22_myefo,QLD,myefo,2021-22,2021-12-15,,data/raw/qld/2021-22_myefo.pdf,v0,State-specific name: Mid-Year Fiscal and Economic Review. release_date is an estimate from typical release month --- replace with the actual gazetted date when known. URL TBD --- starting point: https://budget.qld.gov.au/
QLD_2021-22_outcome,QLD,outcome,2021-22,2022-09-15,,data/raw/qld/2021-22_outcome.pdf,v0,State-specific name: Report on State Finances. release_date is an estimate from typical release month --- replace with the actual gazetted date when known. URL TBD --- starting point: https://budget.qld.gov.au/
QLD_2022-23_budget,QLD,budget,2022-23,2022-06-15,https://www.treasury.qld.gov.au/files/Budget_2022-23_Strategy_Outlook.pdf,data/raw/qld/2022-23_budget.pdf,v0,Source URL scraped from treasury.qld.gov.au / budget.qld.gov.au.
QLD_2022-23_myefo,QLD,myefo,2022-23,2022-12-15,,data/raw/qld/2022-23_myefo.pdf,v0,State-specific name: Mid-Year Fiscal and Economic Review. release_date is an estimate from typical release month --- replace with the actual gazetted date when known. URL TBD --- starting point: https://budget.qld.gov.au/
QLD_2022-23_outcome,QLD,outcome,2022-23,2023-09-15,,data/raw/qld/2022-23_outcome.pdf,v0,State-specific name: Report on State Finances. release_date is an estimate from typical release month --- replace with the actual gazetted date when known. URL TBD --- starting point: https://budget.qld.gov.au/
QLD_2023-24_budget,QLD,budget,2023-24,2023-06-15,https://www.treasury.qld.gov.au/files/Budget_2023-24_Strategy_Outlook.pdf,data/raw/qld/2023-24_budget.pdf,v0,Source URL scraped from treasury.qld.gov.au / budget.qld.gov.au.
QLD_2023-24_myefo,QLD,myefo,2023-24,2023-12-15,,data/raw/qld/2023-24_myefo.pdf,v0,State-specific name: Mid-Year Fiscal and Economic Review. release_date is an estimate from typical release month --- replace with the actual gazetted date when known. URL TBD --- starting point: https://budget.qld.gov.au/
QLD_2023-24_outcome,QLD,outcome,2023-24,2024-09-15,,data/raw/qld/2023-24_outcome.pdf,v0,State-specific name: Report on State Finances. release_date is an estimate from typical release month --- replace with the actual gazetted date when known. URL TBD --- starting point: https://budget.qld.gov.au/
QLD_2024-25_budget,QLD,budget,2024-25,2024-06-15,https://www.treasury.qld.gov.au/files/Budget_2024-25_BP2_Strategy_Outlook.pdf,data/raw/qld/2024-25_budget.pdf,v0,Source URL scraped from treasury.qld.gov.au / budget.qld.gov.au.
QLD_2024-25_myefo,QLD,myefo,2024-25,2024-12-15,,data/raw/qld/2024-25_myefo.pdf,v0,State-specific name: Mid-Year Fiscal and Economic Review. release_date is an estimate from typical release month --- replace with the actual gazetted date when known. URL TBD --- starting point: https://budget.qld.gov.au/
QLD_2024-25_outcome,QLD,outcome,2024-25,2025-09-15,,data/raw/qld/2024-25_outcome.pdf,v0,State-specific name: Report on State Finances. release_date is an estimate from typical release month --- replace with the actual gazetted date when known. URL TBD --- starting point: https://budget.qld.gov.au/
QLD_2025-26_budget,QLD,budget,2025-26,2025-06-15,https://www.treasury.qld.gov.au/files/budget-2025-26-BP2-strategy-outlook.pdf,data/raw/qld/2025-26_budget.pdf,v0,Source URL scraped from treasury.qld.gov.au / budget.qld.gov.au.
QLD_2025-26_myefo,QLD,myefo,2025-26,2025-12-15,,data/raw/qld/2025-26_myefo.pdf,v0,State-specific name: Mid-Year Fiscal and Economic Review. release_date is an estimate from typical release month --- replace with the actual gazetted date when known. URL TBD --- starting point: https://budget.qld.gov.au/
SA_2014-15_budget,SA,budget,2014-15,2014-06-15,,data/raw/sa/2014-15_budget.pdf,v0,State-specific name: Budget Papers (BP1 + BP2 + BP3 + supporting volumes). release_date is an estimate from typical release month --- replace with the actual gazetted date when known. URL TBD --- starting point: https://www.statebudget.sa.gov.au/
SA_2014-15_myefo,SA,myefo,2014-15,2014-12-15,,data/raw/sa/2014-15_myefo.pdf,v0,State-specific name: Mid-Year Budget Review. release_date is an estimate from typical release month --- replace with the actual gazetted date when known. URL TBD --- starting point: https://www.statebudget.sa.gov.au/
SA_2014-15_outcome,SA,outcome,2014-15,2015-09-15,,data/raw/sa/2014-15_outcome.pdf,v0,State-specific name: Final Budget Outcome. release_date is an estimate from typical release month --- replace with the actual gazetted date when known. URL TBD --- starting point: https://www.statebudget.sa.gov.au/
SA_2015-16_budget,SA,budget,2015-16,2015-06-15,,data/raw/sa/2015-16_budget.pdf,v0,State-specific name: Budget Papers (BP1 + BP2 + BP3 + supporting volumes). release_date is an estimate from typical release month --- replace with the actual gazetted date when known. URL TBD --- starting point: https://www.statebudget.sa.gov.au/
SA_2015-16_myefo,SA,myefo,2015-16,2015-12-15,,data/raw/sa/2015-16_myefo.pdf,v0,State-specific name: Mid-Year Budget Review. release_date is an estimate from typical release month --- replace with the actual gazetted date when known. URL TBD --- starting point: https://www.statebudget.sa.gov.au/
SA_2015-16_outcome,SA,outcome,2015-16,2016-09-15,,data/raw/sa/2015-16_outcome.pdf,v0,State-specific name: Final Budget Outcome. release_date is an estimate from typical release month --- replace with the actual gazetted date when known. URL TBD --- starting point: https://www.statebudget.sa.gov.au/
SA_2016-17_budget,SA,budget,2016-17,2016-06-15,,data/raw/sa/2016-17_budget.pdf,v0,State-specific name: Budget Papers (BP1 + BP2 + BP3 + supporting volumes). release_date is an estimate from typical release month --- replace with the actual gazetted date when known. URL TBD --- starting point: https://www.statebudget.sa.gov.au/
SA_2016-17_myefo,SA,myefo,2016-17,2016-12-15,,data/raw/sa/2016-17_myefo.pdf,v0,State-specific name: Mid-Year Budget Review. release_date is an estimate from typical release month --- replace with the actual gazetted date when known. URL TBD --- starting point: https://www.statebudget.sa.gov.au/
SA_2016-17_outcome,SA,outcome,2016-17,2017-09-15,,data/raw/sa/2016-17_outcome.pdf,v0,State-specific name: Final Budget Outcome. release_date is an estimate from typical release month --- replace with the actual gazetted date when known. URL TBD --- starting point: https://www.statebudget.sa.gov.au/
SA_2017-18_budget,SA,budget,2017-18,2017-06-15,,data/raw/sa/2017-18_budget.pdf,v0,State-specific name: Budget Papers (BP1 + BP2 + BP3 + supporting volumes). release_date is an estimate from typical release month --- replace with the actual gazetted date when known. URL TBD --- starting point: https://www.statebudget.sa.gov.au/
SA_2017-18_myefo,SA,myefo,2017-18,2017-12-15,,data/raw/sa/2017-18_myefo.pdf,v0,State-specific name: Mid-Year Budget Review. release_date is an estimate from typical release month --- replace with the actual gazetted date when known. URL TBD --- starting point: https://www.statebudget.sa.gov.au/
SA_2017-18_outcome,SA,outcome,2017-18,2018-09-15,,data/raw/sa/2017-18_outcome.pdf,v0,State-specific name: Final Budget Outcome. release_date is an estimate from typical release month --- replace with the actual gazetted date when known. URL TBD --- starting point: https://www.statebudget.sa.gov.au/
SA_2018-19_budget,SA,budget,2018-19,2018-06-15,,data/raw/sa/2018-19_budget.pdf,v0,State-specific name: Budget Papers (BP1 + BP2 + BP3 + supporting volumes). release_date is an estimate from typical release month --- replace with the actual gazetted date when known. URL TBD --- starting point: https://www.statebudget.sa.gov.au/
SA_2018-19_myefo,SA,myefo,2018-19,2018-12-15,,data/raw/sa/2018-19_myefo.pdf,v0,State-specific name: Mid-Year Budget Review. release_date is an estimate from typical release month --- replace with the actual gazetted date when known. URL TBD --- starting point: https://www.statebudget.sa.gov.au/
SA_2018-19_outcome,SA,outcome,2018-19,2019-09-15,,data/raw/sa/2018-19_outcome.pdf,v0,State-specific name: Final Budget Outcome. release_date is an estimate from typical release month --- replace with the actual gazetted date when known. URL TBD --- starting point: https://www.statebudget.sa.gov.au/
SA_2019-20_budget,SA,budget,2019-20,2019-06-15,,data/raw/sa/2019-20_budget.pdf,v0,State-specific name: Budget Papers (BP1 + BP2 + BP3 + supporting volumes). release_date is an estimate from typical release month --- replace with the actual gazetted date when known. URL TBD --- starting point: https://www.statebudget.sa.gov.au/
SA_2019-20_myefo,SA,myefo,2019-20,2019-12-15,,data/raw/sa/2019-20_myefo.pdf,v0,State-specific name: Mid-Year Budget Review. release_date is an estimate from typical release month --- replace with the actual gazetted date when known. URL TBD --- starting point: https://www.statebudget.sa.gov.au/
SA_2019-20_outcome,SA,outcome,2019-20,2020-09-15,,data/raw/sa/2019-20_outcome.pdf,v0,State-specific name: Final Budget Outcome. release_date is an estimate from typical release month --- replace with the actual gazetted date when known. URL TBD --- starting point: https://www.statebudget.sa.gov.au/
SA_2020-21_budget,SA,budget,2020-21,2020-06-15,,data/raw/sa/2020-21_budget.pdf,v0,State-specific name: Budget Papers (BP1 + BP2 + BP3 + supporting volumes). release_date is an estimate from typical release month --- replace with the actual gazetted date when known. URL TBD --- starting point: https://www.statebudget.sa.gov.au/
SA_2020-21_myefo,SA,myefo,2020-21,2020-12-15,,data/raw/sa/2020-21_myefo.pdf,v0,State-specific name: Mid-Year Budget Review. release_date is an estimate from typical release month --- replace with the actual gazetted date when known. URL TBD --- starting point: https://www.statebudget.sa.gov.au/
SA_2020-21_outcome,SA,outcome,2020-21,2021-09-15,,data/raw/sa/2020-21_outcome.pdf,v0,State-specific name: Final Budget Outcome. release_date is an estimate from typical release month --- replace with the actual gazetted date when known. URL TBD --- starting point: https://www.statebudget.sa.gov.au/
SA_2021-22_budget,SA,budget,2021-22,2021-06-15,,data/raw/sa/2021-22_budget.pdf,v0,State-specific name: Budget Papers (BP1 + BP2 + BP3 + supporting volumes). release_date is an estimate from typical release month --- replace with the actual gazetted date when known. URL TBD --- starting point: https://www.statebudget.sa.gov.au/
SA_2021-22_myefo,SA,myefo,2021-22,2021-12-15,,data/raw/sa/2021-22_myefo.pdf,v0,State-specific name: Mid-Year Budget Review. release_date is an estimate from typical release month --- replace with the actual gazetted date when known. URL TBD --- starting point: https://www.statebudget.sa.gov.au/
SA_2021-22_outcome,SA,outcome,2021-22,2022-09-15,,data/raw/sa/2021-22_outcome.pdf,v0,State-specific name: Final Budget Outcome. release_date is an estimate from typical release month --- replace with the actual gazetted date when known. URL TBD --- starting point: https://www.statebudget.sa.gov.au/
SA_2022-23_budget,SA,budget,2022-23,2022-06-15,,data/raw/sa/2022-23_budget.pdf,v0,State-specific name: Budget Papers (BP1 + BP2 + BP3 + supporting volumes). release_date is an estimate from typical release month --- replace with the actual gazetted date when known. URL TBD --- starting point: https://www.statebudget.sa.gov.au/
SA_2022-23_myefo,SA,myefo,2022-23,2022-12-15,,data/raw/sa/2022-23_myefo.pdf,v0,State-specific name: Mid-Year Budget Review. release_date is an estimate from typical release month --- replace with the actual gazetted date when known. URL TBD --- starting point: https://www.statebudget.sa.gov.au/
SA_2022-23_outcome,SA,outcome,2022-23,2023-09-15,,data/raw/sa/2022-23_outcome.pdf,v0,State-specific name: Final Budget Outcome. release_date is an estimate from typical release month --- replace with the actual gazetted date when known. URL TBD --- starting point: https://www.statebudget.sa.gov.au/
SA_2023-24_budget,SA,budget,2023-24,2023-06-15,,data/raw/sa/2023-24_budget.pdf,v0,State-specific name: Budget Papers (BP1 + BP2 + BP3 + supporting volumes). release_date is an estimate from typical release month --- replace with the actual gazetted date when known. URL TBD --- starting point: https://www.statebudget.sa.gov.au/
SA_2023-24_myefo,SA,myefo,2023-24,2023-12-15,,data/raw/sa/2023-24_myefo.pdf,v0,State-specific name: Mid-Year Budget Review. release_date is an estimate from typical release month --- replace with the actual gazetted date when known. URL TBD --- starting point: https://www.statebudget.sa.gov.au/
SA_2023-24_outcome,SA,outcome,2023-24,2024-09-15,,data/raw/sa/2023-24_outcome.pdf,v0,State-specific name: Final Budget Outcome. release_date is an estimate from typical release month --- replace with the actual gazetted date when known. URL TBD --- starting point: https://www.statebudget.sa.gov.au/
SA_2024-25_budget,SA,budget,2024-25,2024-06-15,,data/raw/sa/2024-25_budget.pdf,v0,State-specific name: Budget Papers (BP1 + BP2 + BP3 + supporting volumes). release_date is an estimate from typical release month --- replace with the actual gazetted date when known. URL TBD --- starting point: https://www.statebudget.sa.gov.au/
SA_2024-25_myefo,SA,myefo,2024-25,2024-12-15,,data/raw/sa/2024-25_myefo.pdf,v0,State-specific name: Mid-Year Budget Review. release_date is an estimate from typical release month --- replace with the actual gazetted date when known. URL TBD --- starting point: https://www.statebudget.sa.gov.au/
SA_2024-25_outcome,SA,outcome,2024-25,2025-09-15,,data/raw/sa/2024-25_outcome.pdf,v0,State-specific name: Final Budget Outcome. release_date is an estimate from typical release month --- replace with the actual gazetted date when known. URL TBD --- starting point: https://www.statebudget.sa.gov.au/
SA_2025-26_budget,SA,budget,2025-26,2025-06-15,,data/raw/sa/2025-26_budget.pdf,v0,State-specific name: Budget Papers (BP1 + BP2 + BP3 + supporting volumes). release_date is an estimate from typical release month --- replace with the actual gazetted date when known. URL TBD --- starting point: https://www.statebudget.sa.gov.au/
SA_2025-26_myefo,SA,myefo,2025-26,2025-12-15,,data/raw/sa/2025-26_myefo.pdf,v0,State-specific name: Mid-Year Budget Review. release_date is an estimate from typical release month --- replace with the actual gazetted date when known. URL TBD --- starting point: https://www.statebudget.sa.gov.au/
TAS_2014-15_budget,TAS,budget,2014-15,2014-05-15,https://www.treasury.tas.gov.au/Documents/2014-15-Budget-Paper-No-1.pdf,data/raw/tas/2014-15_budget.pdf,v0,Source URL scraped from treasury.tas.gov.au budget-papers-archive.
TAS_2014-15_myefo,TAS,myefo,2014-15,2014-12-15,,data/raw/tas/2014-15_myefo.pdf,v0,State-specific name: Revised Estimates Report. release_date is an estimate from typical release month --- replace with the actual gazetted date when known. URL TBD --- starting point: https://www.treasury.tas.gov.au/budget-and-financial-management/state-budget
TAS_2014-15_outcome,TAS,outcome,2014-15,2015-10-15,,data/raw/tas/2014-15_outcome.pdf,v0,State-specific name: Treasurer's Annual Financial Report. release_date is an estimate from typical release month --- replace with the actual gazetted date when known. URL TBD --- starting point: https://www.treasury.tas.gov.au/budget-and-financial-management/state-budget
TAS_2015-16_budget,TAS,budget,2015-16,2015-05-15,https://www.treasury.tas.gov.au/Documents/2015-16-Budget-Paper-No-1.pdf,data/raw/tas/2015-16_budget.pdf,v0,Source URL scraped from treasury.tas.gov.au budget-papers-archive.
TAS_2015-16_myefo,TAS,myefo,2015-16,2015-12-15,,data/raw/tas/2015-16_myefo.pdf,v0,State-specific name: Revised Estimates Report. release_date is an estimate from typical release month --- replace with the actual gazetted date when known. URL TBD --- starting point: https://www.treasury.tas.gov.au/budget-and-financial-management/state-budget
TAS_2015-16_outcome,TAS,outcome,2015-16,2016-10-15,,data/raw/tas/2015-16_outcome.pdf,v0,State-specific name: Treasurer's Annual Financial Report. release_date is an estimate from typical release month --- replace with the actual gazetted date when known. URL TBD --- starting point: https://www.treasury.tas.gov.au/budget-and-financial-management/state-budget
TAS_2016-17_budget,TAS,budget,2016-17,2016-05-15,https://www.treasury.tas.gov.au/Documents/2016-17-Budget-Paper-No-1.pdf,data/raw/tas/2016-17_budget.pdf,v0,Source URL scraped from treasury.tas.gov.au budget-papers-archive.
TAS_2016-17_myefo,TAS,myefo,2016-17,2016-12-15,,data/raw/tas/2016-17_myefo.pdf,v0,State-specific name: Revised Estimates Report. release_date is an estimate from typical release month --- replace with the actual gazetted date when known. URL TBD --- starting point: https://www.treasury.tas.gov.au/budget-and-financial-management/state-budget
TAS_2016-17_outcome,TAS,outcome,2016-17,2017-10-15,,data/raw/tas/2016-17_outcome.pdf,v0,State-specific name: Treasurer's Annual Financial Report. release_date is an estimate from typical release month --- replace with the actual gazetted date when known. URL TBD --- starting point: https://www.treasury.tas.gov.au/budget-and-financial-management/state-budget
TAS_2017-18_budget,TAS,budget,2017-18,2017-05-15,https://www.treasury.tas.gov.au/Documents/2017-18-Budget-Paper-No-1.pdf,data/raw/tas/2017-18_budget.pdf,v0,Source URL scraped from treasury.tas.gov.au budget-papers-archive.
TAS_2017-18_myefo,TAS,myefo,2017-18,2017-12-15,,data/raw/tas/2017-18_myefo.pdf,v0,State-specific name: Revised Estimates Report. release_date is an estimate from typical release month --- replace with the actual gazetted date when known. URL TBD --- starting point: https://www.treasury.tas.gov.au/budget-and-financial-management/state-budget
TAS_2017-18_outcome,TAS,outcome,2017-18,2018-10-15,,data/raw/tas/2017-18_outcome.pdf,v0,State-specific name: Treasurer's Annual Financial Report. release_date is an estimate from typical release month --- replace with the actual gazetted date when known. URL TBD --- starting point: https://www.treasury.tas.gov.au/budget-and-financial-management/state-budget
TAS_2018-19_budget,TAS,budget,2018-19,2018-05-15,https://www.treasury.tas.gov.au/Documents/2018-19-Budget-Paper-No-1.pdf,data/raw/tas/2018-19_budget.pdf,v0,Source URL scraped from treasury.tas.gov.au budget-papers-archive.
TAS_2018-19_myefo,TAS,myefo,2018-19,2018-12-15,,data/raw/tas/2018-19_myefo.pdf,v0,State-specific name: Revised Estimates Report. release_date is an estimate from typical release month --- replace with the actual gazetted date when known. URL TBD --- starting point: https://www.treasury.tas.gov.au/budget-and-financial-management/state-budget
TAS_2018-19_outcome,TAS,outcome,2018-19,2019-10-15,,data/raw/tas/2018-19_outcome.pdf,v0,State-specific name: Treasurer's Annual Financial Report. release_date is an estimate from typical release month --- replace with the actual gazetted date when known. URL TBD --- starting point: https://www.treasury.tas.gov.au/budget-and-financial-management/state-budget
TAS_2019-20_budget,TAS,budget,2019-20,2019-05-15,https://www.treasury.tas.gov.au/Documents/2019-20-Budget-Paper-No-1.pdf,data/raw/tas/2019-20_budget.pdf,v0,Source URL scraped from treasury.tas.gov.au budget-papers-archive.
TAS_2019-20_myefo,TAS,myefo,2019-20,2019-12-15,,data/raw/tas/2019-20_myefo.pdf,v0,State-specific name: Revised Estimates Report. release_date is an estimate from typical release month --- replace with the actual gazetted date when known. URL TBD --- starting point: https://www.treasury.tas.gov.au/budget-and-financial-management/state-budget
TAS_2019-20_outcome,TAS,outcome,2019-20,2020-10-15,,data/raw/tas/2019-20_outcome.pdf,v0,State-specific name: Treasurer's Annual Financial Report. release_date is an estimate from typical release month --- replace with the actual gazetted date when known. URL TBD --- starting point: https://www.treasury.tas.gov.au/budget-and-financial-management/state-budget
TAS_2020-21_budget,TAS,budget,2020-21,2020-05-15,https://www.treasury.tas.gov.au/Documents/2020-21-Budget-Paper-No-1.pdf,data/raw/tas/2020-21_budget.pdf,v0,Source URL scraped from treasury.tas.gov.au budget-papers-archive.
TAS_2020-21_myefo,TAS,myefo,2020-21,2020-12-15,,data/raw/tas/2020-21_myefo.pdf,v0,State-specific name: Revised Estimates Report. release_date is an estimate from typical release month --- replace with the actual gazetted date when known. URL TBD --- starting point: https://www.treasury.tas.gov.au/budget-and-financial-management/state-budget
TAS_2020-21_outcome,TAS,outcome,2020-21,2021-10-15,,data/raw/tas/2020-21_outcome.pdf,v0,State-specific name: Treasurer's Annual Financial Report. release_date is an estimate from typical release month --- replace with the actual gazetted date when known. URL TBD --- starting point: https://www.treasury.tas.gov.au/budget-and-financial-management/state-budget
TAS_2021-22_budget,TAS,budget,2021-22,2021-05-15,https://www.treasury.tas.gov.au/Documents/2021-22-Budget-Paper-No-1.pdf,data/raw/tas/2021-22_budget.pdf,v0,Source URL scraped from treasury.tas.gov.au budget-papers-archive.
TAS_2021-22_myefo,TAS,myefo,2021-22,2021-12-15,,data/raw/tas/2021-22_myefo.pdf,v0,State-specific name: Revised Estimates Report. release_date is an estimate from typical release month --- replace with the actual gazetted date when known. URL TBD --- starting point: https://www.treasury.tas.gov.au/budget-and-financial-management/state-budget
TAS_2021-22_outcome,TAS,outcome,2021-22,2022-10-15,,data/raw/tas/2021-22_outcome.pdf,v0,State-specific name: Treasurer's Annual Financial Report. release_date is an estimate from typical release month --- replace with the actual gazetted date when known. URL TBD --- starting point: https://www.treasury.tas.gov.au/budget-and-financial-management/state-budget
TAS_2022-23_budget,TAS,budget,2022-23,2022-05-15,https://www.treasury.tas.gov.au/Documents/2022-23-Budget-Paper-No-1.pdf,data/raw/tas/2022-23_budget.pdf,v0,Source URL scraped from treasury.tas.gov.au budget-papers-archive.
TAS_2022-23_myefo,TAS,myefo,2022-23,2022-12-15,,data/raw/tas/2022-23_myefo.pdf,v0,State-specific name: Revised Estimates Report. release_date is an estimate from typical release month --- replace with the actual gazetted date when known. URL TBD --- starting point: https://www.treasury.tas.gov.au/budget-and-financial-management/state-budget
TAS_2022-23_outcome,TAS,outcome,2022-23,2023-10-15,,data/raw/tas/2022-23_outcome.pdf,v0,State-specific name: Treasurer's Annual Financial Report. release_date is an estimate from typical release month --- replace with the actual gazetted date when known. URL TBD --- starting point: https://www.treasury.tas.gov.au/budget-and-financial-management/state-budget
TAS_2023-24_budget,TAS,budget,2023-24,2023-05-15,https://www.treasury.tas.gov.au/Documents/2023-24-Budget-Paper-No-1.pdf,data/raw/tas/2023-24_budget.pdf,v0,Source URL scraped from treasury.tas.gov.au budget-papers-archive.
TAS_2023-24_myefo,TAS,myefo,2023-24,2023-12-15,,data/raw/tas/2023-24_myefo.pdf,v0,State-specific name: Revised Estimates Report. release_date is an estimate from typical release month --- replace with the actual gazetted date when known. URL TBD --- starting point: https://www.treasury.tas.gov.au/budget-and-financial-management/state-budget
TAS_2023-24_outcome,TAS,outcome,2023-24,2024-10-15,,data/raw/tas/2023-24_outcome.pdf,v0,State-specific name: Treasurer's Annual Financial Report. release_date is an estimate from typical release month --- replace with the actual gazetted date when known. URL TBD --- starting point: https://www.treasury.tas.gov.au/budget-and-financial-management/state-budget
TAS_2024-25_budget,TAS,budget,2024-25,2024-05-15,https://www.treasury.tas.gov.au/Documents/2024-25-Budget-Paper-No-1.pdf,data/raw/tas/2024-25_budget.pdf,v0,Source URL scraped from treasury.tas.gov.au budget-papers-archive.
TAS_2024-25_myefo,TAS,myefo,2024-25,2024-12-15,,data/raw/tas/2024-25_myefo.pdf,v0,State-specific name: Revised Estimates Report. release_date is an estimate from typical release month --- replace with the actual gazetted date when known. URL TBD --- starting point: https://www.treasury.tas.gov.au/budget-and-financial-management/state-budget
TAS_2024-25_outcome,TAS,outcome,2024-25,2025-10-15,,data/raw/tas/2024-25_outcome.pdf,v0,State-specific name: Treasurer's Annual Financial Report. release_date is an estimate from typical release month --- replace with the actual gazetted date when known. URL TBD --- starting point: https://www.treasury.tas.gov.au/budget-and-financial-management/state-budget
TAS_2025-26_budget,TAS,budget,2025-26,2025-05-15,,data/raw/tas/2025-26_budget.pdf,v0,State-specific name: Budget Papers (BP1 + BP2 + BP3 + supporting volumes). release_date is an estimate from typical release month --- replace with the actual gazetted date when known. URL TBD --- starting point: https://www.treasury.tas.gov.au/budget-and-financial-management/state-budget
TAS_2025-26_myefo,TAS,myefo,2025-26,2025-12-15,,data/raw/tas/2025-26_myefo.pdf,v0,State-specific name: Revised Estimates Report. release_date is an estimate from typical release month --- replace with the actual gazetted date when known. URL TBD --- starting point: https://www.treasury.tas.gov.au/budget-and-financial-management/state-budget
VIC_2014-15_budget,VIC,budget,2014-15,2014-05-15,https://www.dtf.vic.gov.au/sites/default/files/2024-10/state-budget-statement-of-finances-2014-15.pdf,data/raw/vic/2014-15_budget.pdf,v0,Source URL scraped from dtf.vic.gov.au.
VIC_2014-15_myefo,VIC,myefo,2014-15,2014-12-15,https://www.dtf.vic.gov.au/sites/default/files/2024-10/state-budget-budget-update-2014-15.pdf,data/raw/vic/2014-15_myefo.pdf,v0,Source URL scraped from dtf.vic.gov.au.
VIC_2014-15_outcome,VIC,outcome,2014-15,2015-09-15,,data/raw/vic/2014-15_outcome.pdf,v0,State-specific name: Financial Report for the State. release_date is an estimate from typical release month --- replace with the actual gazetted date when known. URL TBD --- starting point: https://www.dtf.vic.gov.au/state-budget
VIC_2015-16_budget,VIC,budget,2015-16,2015-05-15,https://www.dtf.vic.gov.au/sites/default/files/2024-10/state-budget-statement-of-finances-bp5-2015-16_0.pdf,data/raw/vic/2015-16_budget.pdf,v0,Source URL scraped from dtf.vic.gov.au.
VIC_2015-16_myefo,VIC,myefo,2015-16,2015-12-15,https://www.dtf.vic.gov.au/sites/default/files/2024-10/state-budget-budget-update-2015-16_0.pdf,data/raw/vic/2015-16_myefo.pdf,v0,Source URL scraped from dtf.vic.gov.au.
VIC_2015-16_outcome,VIC,outcome,2015-16,2016-09-15,,data/raw/vic/2015-16_outcome.pdf,v0,State-specific name: Financial Report for the State. release_date is an estimate from typical release month --- replace with the actual gazetted date when known. URL TBD --- starting point: https://www.dtf.vic.gov.au/state-budget
VIC_2016-17_budget,VIC,budget,2016-17,2016-05-15,https://www.dtf.vic.gov.au/sites/default/files/2024-10/state-budget-statement-of-finances-bp5-2016-17.pdf,data/raw/vic/2016-17_budget.pdf,v0,Source URL scraped from dtf.vic.gov.au.
VIC_2016-17_myefo,VIC,myefo,2016-17,2016-12-15,https://www.dtf.vic.gov.au/sites/default/files/2024-10/state-budget-budget-update-2016-17.pdf,data/raw/vic/2016-17_myefo.pdf,v0,Source URL scraped from dtf.vic.gov.au.
VIC_2016-17_outcome,VIC,outcome,2016-17,2017-09-15,,data/raw/vic/2016-17_outcome.pdf,v0,State-specific name: Financial Report for the State. release_date is an estimate from typical release month --- replace with the actual gazetted date when known. URL TBD --- starting point: https://www.dtf.vic.gov.au/state-budget
VIC_2017-18_budget,VIC,budget,2017-18,2017-05-15,https://www.dtf.vic.gov.au/sites/default/files/2024-10/state-budget-statement-of-finances-bp5-2017-18.pdf,data/raw/vic/2017-18_budget.pdf,v0,Source URL scraped from dtf.vic.gov.au.
VIC_2017-18_myefo,VIC,myefo,2017-18,2017-12-15,https://www.dtf.vic.gov.au/sites/default/files/2024-10/state-budget-budget-update-2017-18.pdf,data/raw/vic/2017-18_myefo.pdf,v0,Source URL scraped from dtf.vic.gov.au.
VIC_2017-18_outcome,VIC,outcome,2017-18,2018-09-15,,data/raw/vic/2017-18_outcome.pdf,v0,State-specific name: Financial Report for the State. release_date is an estimate from typical release month --- replace with the actual gazetted date when known. URL TBD --- starting point: https://www.dtf.vic.gov.au/state-budget
VIC_2018-19_budget,VIC,budget,2018-19,2018-05-15,https://www.dtf.vic.gov.au/sites/default/files/2024-10/2018-19-State-Budget-Statement-of-Finances.pdf,data/raw/vic/2018-19_budget.pdf,v0,Source URL scraped from dtf.vic.gov.au.
VIC_2018-19_myefo,VIC,myefo,2018-19,2018-12-15,https://www.dtf.vic.gov.au/sites/default/files/2024-10/2018-19-Budget-Update.pdf,data/raw/vic/2018-19_myefo.pdf,v0,Source URL scraped from dtf.vic.gov.au.
VIC_2018-19_outcome,VIC,outcome,2018-19,2019-09-15,,data/raw/vic/2018-19_outcome.pdf,v0,State-specific name: Financial Report for the State. release_date is an estimate from typical release month --- replace with the actual gazetted date when known. URL TBD --- starting point: https://www.dtf.vic.gov.au/state-budget
VIC_2019-20_budget,VIC,budget,2019-20,2019-05-15,https://s3-ap-southeast-2.amazonaws.com/budgetfiles201920.budget.vic.gov.au/2019-20+State+Budget+-+Statement+of+Finances.pdf,data/raw/vic/2019-20_budget.pdf,v0,Source URL scraped from dtf.vic.gov.au.
VIC_2019-20_myefo,VIC,myefo,2019-20,2019-12-15,https://www.dtf.vic.gov.au/sites/default/files/2024-10/2019-20-Budget-Update.pdf,data/raw/vic/2019-20_myefo.pdf,v0,Source URL scraped from dtf.vic.gov.au.
VIC_2019-20_outcome,VIC,outcome,2019-20,2020-09-15,,data/raw/vic/2019-20_outcome.pdf,v0,State-specific name: Financial Report for the State. release_date is an estimate from typical release month --- replace with the actual gazetted date when known. URL TBD --- starting point: https://www.dtf.vic.gov.au/state-budget
VIC_2020-21_budget,VIC,budget,2020-21,2020-05-15,https://s3-ap-southeast-2.amazonaws.com/budgetfiles202021.budget.vic.gov.au/2020-21+State+Budget+-+Statement+of+Finances.pdf,data/raw/vic/2020-21_budget.pdf,v0,Source URL scraped from dtf.vic.gov.au.
VIC_2020-21_myefo,VIC,myefo,2020-21,2020-12-15,https://www.dtf.vic.gov.au/sites/default/files/2024-10/2020-21-Budget-Update.pdf,data/raw/vic/2020-21_myefo.pdf,v0,Source URL scraped from dtf.vic.gov.au.
VIC_2020-21_outcome,VIC,outcome,2020-21,2021-09-15,,data/raw/vic/2020-21_outcome.pdf,v0,State-specific name: Financial Report for the State. release_date is an estimate from typical release month --- replace with the actual gazetted date when known. URL TBD --- starting point: https://www.dtf.vic.gov.au/state-budget
VIC_2021-22_budget,VIC,budget,2021-22,2021-05-15,https://s3-ap-southeast-2.amazonaws.com/budgetfiles202122.budget.vic.gov.au/2021-22+State+Budget+-+Statement+of+Finances.pdf,data/raw/vic/2021-22_budget.pdf,v0,Source URL scraped from dtf.vic.gov.au.
VIC_2021-22_myefo,VIC,myefo,2021-22,2021-12-15,https://www.dtf.vic.gov.au/sites/default/files/2024-10/2021-22-Budget-Update.pdf,data/raw/vic/2021-22_myefo.pdf,v0,Source URL scraped from dtf.vic.gov.au.
VIC_2021-22_outcome,VIC,outcome,2021-22,2022-09-15,,data/raw/vic/2021-22_outcome.pdf,v0,State-specific name: Financial Report for the State. release_date is an estimate from typical release month --- replace with the actual gazetted date when known. URL TBD --- starting point: https://www.dtf.vic.gov.au/state-budget
VIC_2022-23_budget,VIC,budget,2022-23,2022-05-15,https://s3.ap-southeast-2.amazonaws.com/budgetfiles202223.budget.vic.gov.au/2022-23+State+Budget+-+Statement+of+Finances.pdf,data/raw/vic/2022-23_budget.pdf,v0,Source URL scraped from dtf.vic.gov.au.
VIC_2022-23_myefo,VIC,myefo,2022-23,2022-12-15,https://www.dtf.vic.gov.au/sites/default/files/2024-10/2022-Victorian-Pre-Election-Budget-Update.pdf,data/raw/vic/2022-23_myefo.pdf,v0,Source URL scraped from dtf.vic.gov.au.
VIC_2022-23_outcome,VIC,outcome,2022-23,2023-09-15,,data/raw/vic/2022-23_outcome.pdf,v0,State-specific name: Financial Report for the State. release_date is an estimate from typical release month --- replace with the actual gazetted date when known. URL TBD --- starting point: https://www.dtf.vic.gov.au/state-budget
VIC_2023-24_budget,VIC,budget,2023-24,2023-05-15,https://s3.ap-southeast-2.amazonaws.com/budgetfiles202324.budget.vic.gov.au/2023-24+State+Budget+-+Statement+of+Finances.pdf,data/raw/vic/2023-24_budget.pdf,v0,Source URL scraped from dtf.vic.gov.au.
VIC_2023-24_myefo,VIC,myefo,2023-24,2023-12-15,https://www.dtf.vic.gov.au/sites/default/files/2024-10/2023-24-Budget-Update.pdf,data/raw/vic/2023-24_myefo.pdf,v0,Source URL scraped from dtf.vic.gov.au.
VIC_2023-24_outcome,VIC,outcome,2023-24,2024-09-27,https://www.dtf.vic.gov.au/state-budget/2023-24-financial-report,data/raw/vic/2023-24_outcome.pdf,v0,Confirmed seed row (VIC Financial Report).
VIC_2024-25_budget,VIC,budget,2024-25,2024-05-07,https://s3.ap-southeast-2.amazonaws.com/budgetfiles202425.budget.vic.gov.au/2024-25+State+Budget+-+Statement+of+Finances.pdf,data/raw/vic/2024-25_budget.pdf,v0,Source URL scraped from dtf.vic.gov.au.
VIC_2024-25_myefo,VIC,myefo,2024-25,2024-12-15,https://www.dtf.vic.gov.au/sites/default/files/2024-12/2024-25-Budget-Update.pdf,data/raw/vic/2024-25_myefo.pdf,v0,Source URL scraped from dtf.vic.gov.au.
VIC_2024-25_outcome,VIC,outcome,2024-25,2025-09-15,,data/raw/vic/2024-25_outcome.pdf,v0,State-specific name: Financial Report for the State. release_date is an estimate from typical release month --- replace with the actual gazetted date when known. URL TBD --- starting point: https://www.dtf.vic.gov.au/state-budget
VIC_2025-26_budget,VIC,budget,2025-26,2025-05-15,https://s3.ap-southeast-2.amazonaws.com/vicbudgetfiles2025.26budgetvic/2025-26+State+Budget+-+Statement+of+Finances.pdf,data/raw/vic/2025-26_budget.pdf,v0,Source URL scraped from dtf.vic.gov.au.
VIC_2025-26_myefo,VIC,myefo,2025-26,2025-12-15,https://www.dtf.vic.gov.au/sites/default/files/2025-12/2025-26-Budget-Update.pdf,data/raw/vic/2025-26_myefo.pdf,v0,Source URL scraped from dtf.vic.gov.au.
WA_2014-15_budget,WA,budget,2014-15,2014-05-15,https://www.ourstatebudget.wa.gov.au/2014-15/budget-papers/bp3/2014-15_bp3.pdf,data/raw/wa/2014-15_budget.pdf,v0,Source URL scraped from ourstatebudget.wa.gov.au.
WA_2014-15_myefo,WA,myefo,2014-15,2014-12-15,,data/raw/wa/2014-15_myefo.pdf,v0,State-specific name: Mid-Year Review. release_date is an estimate from typical release month --- replace with the actual gazetted date when known. URL TBD --- starting point: https://www.ourstatebudget.wa.gov.au/
WA_2014-15_outcome,WA,outcome,2014-15,2015-09-15,,data/raw/wa/2014-15_outcome.pdf,v0,State-specific name: Annual Report on State Finances. release_date is an estimate from typical release month --- replace with the actual gazetted date when known. URL TBD --- starting point: https://www.ourstatebudget.wa.gov.au/
WA_2015-16_budget,WA,budget,2015-16,2015-05-15,https://www.ourstatebudget.wa.gov.au/2015-16/budget-papers/bp3/2015-16-wa-state-budget_bp3.pdf,data/raw/wa/2015-16_budget.pdf,v0,Source URL scraped from ourstatebudget.wa.gov.au.
WA_2015-16_myefo,WA,myefo,2015-16,2015-12-15,,data/raw/wa/2015-16_myefo.pdf,v0,State-specific name: Mid-Year Review. release_date is an estimate from typical release month --- replace with the actual gazetted date when known. URL TBD --- starting point: https://www.ourstatebudget.wa.gov.au/
WA_2015-16_outcome,WA,outcome,2015-16,2016-09-15,,data/raw/wa/2015-16_outcome.pdf,v0,State-specific name: Annual Report on State Finances. release_date is an estimate from typical release month --- replace with the actual gazetted date when known. URL TBD --- starting point: https://www.ourstatebudget.wa.gov.au/
WA_2016-17_budget,WA,budget,2016-17,2016-05-15,https://www.ourstatebudget.wa.gov.au/2016-17/budget-papers/bp3/2016-17-wa-state-budget-bp3.pdf,data/raw/wa/2016-17_budget.pdf,v0,Source URL scraped from ourstatebudget.wa.gov.au.
WA_2016-17_myefo,WA,myefo,2016-17,2016-12-15,,data/raw/wa/2016-17_myefo.pdf,v0,State-specific name: Mid-Year Review. release_date is an estimate from typical release month --- replace with the actual gazetted date when known. URL TBD --- starting point: https://www.ourstatebudget.wa.gov.au/
WA_2016-17_outcome,WA,outcome,2016-17,2017-09-15,,data/raw/wa/2016-17_outcome.pdf,v0,State-specific name: Annual Report on State Finances. release_date is an estimate from typical release month --- replace with the actual gazetted date when known. URL TBD --- starting point: https://www.ourstatebudget.wa.gov.au/
WA_2017-18_budget,WA,budget,2017-18,2017-05-15,,data/raw/wa/2017-18_budget.pdf,v0,State-specific name: Budget Papers (BP1 + BP2 + BP3 + supporting volumes). release_date is an estimate from typical release month --- replace with the actual gazetted date when known. URL TBD --- starting point: https://www.ourstatebudget.wa.gov.au/
WA_2017-18_myefo,WA,myefo,2017-18,2017-12-15,,data/raw/wa/2017-18_myefo.pdf,v0,State-specific name: Mid-Year Review. release_date is an estimate from typical release month --- replace with the actual gazetted date when known. URL TBD --- starting point: https://www.ourstatebudget.wa.gov.au/
WA_2017-18_outcome,WA,outcome,2017-18,2018-09-15,,data/raw/wa/2017-18_outcome.pdf,v0,State-specific name: Annual Report on State Finances. release_date is an estimate from typical release month --- replace with the actual gazetted date when known. URL TBD --- starting point: https://www.ourstatebudget.wa.gov.au/
WA_2018-19_budget,WA,budget,2018-19,2018-05-15,https://www.ourstatebudget.wa.gov.au/2018-19/budget-papers/bp3/2018-19-wa-state-budget-bp3.pdf,data/raw/wa/2018-19_budget.pdf,v0,Source URL scraped from ourstatebudget.wa.gov.au.
WA_2018-19_myefo,WA,myefo,2018-19,2018-12-15,,data/raw/wa/2018-19_myefo.pdf,v0,State-specific name: Mid-Year Review. release_date is an estimate from typical release month --- replace with the actual gazetted date when known. URL TBD --- starting point: https://www.ourstatebudget.wa.gov.au/
WA_2018-19_outcome,WA,outcome,2018-19,2019-09-15,,data/raw/wa/2018-19_outcome.pdf,v0,State-specific name: Annual Report on State Finances. release_date is an estimate from typical release month --- replace with the actual gazetted date when known. URL TBD --- starting point: https://www.ourstatebudget.wa.gov.au/
WA_2019-20_budget,WA,budget,2019-20,2019-05-15,https://www.ourstatebudget.wa.gov.au/2019-20/budget-papers/bp3/2019-20-wa-state-budget-bp3.pdf,data/raw/wa/2019-20_budget.pdf,v0,Source URL scraped from ourstatebudget.wa.gov.au.
WA_2019-20_myefo,WA,myefo,2019-20,2019-12-15,,data/raw/wa/2019-20_myefo.pdf,v0,State-specific name: Mid-Year Review. release_date is an estimate from typical release month --- replace with the actual gazetted date when known. URL TBD --- starting point: https://www.ourstatebudget.wa.gov.au/
WA_2019-20_outcome,WA,outcome,2019-20,2020-09-15,,data/raw/wa/2019-20_outcome.pdf,v0,State-specific name: Annual Report on State Finances. release_date is an estimate from typical release month --- replace with the actual gazetted date when known. URL TBD --- starting point: https://www.ourstatebudget.wa.gov.au/
WA_2020-21_budget,WA,budget,2020-21,2020-05-15,https://www.ourstatebudget.wa.gov.au/2020-21/budget-papers/bp3/2020-21-wa-state-budget-bp3.pdf,data/raw/wa/2020-21_budget.pdf,v0,Source URL scraped from ourstatebudget.wa.gov.au.
WA_2020-21_myefo,WA,myefo,2020-21,2020-12-15,,data/raw/wa/2020-21_myefo.pdf,v0,State-specific name: Mid-Year Review. release_date is an estimate from typical release month --- replace with the actual gazetted date when known. URL TBD --- starting point: https://www.ourstatebudget.wa.gov.au/
WA_2020-21_outcome,WA,outcome,2020-21,2021-09-15,,data/raw/wa/2020-21_outcome.pdf,v0,State-specific name: Annual Report on State Finances. release_date is an estimate from typical release month --- replace with the actual gazetted date when known. URL TBD --- starting point: https://www.ourstatebudget.wa.gov.au/
WA_2021-22_budget,WA,budget,2021-22,2021-05-15,,data/raw/wa/2021-22_budget.pdf,v0,State-specific name: Budget Papers (BP1 + BP2 + BP3 + supporting volumes). release_date is an estimate from typical release month --- replace with the actual gazetted date when known. URL TBD --- starting point: https://www.ourstatebudget.wa.gov.au/
WA_2021-22_myefo,WA,myefo,2021-22,2021-12-15,,data/raw/wa/2021-22_myefo.pdf,v0,State-specific name: Mid-Year Review. release_date is an estimate from typical release month --- replace with the actual gazetted date when known. URL TBD --- starting point: https://www.ourstatebudget.wa.gov.au/
WA_2021-22_outcome,WA,outcome,2021-22,2022-09-15,,data/raw/wa/2021-22_outcome.pdf,v0,State-specific name: Annual Report on State Finances. release_date is an estimate from typical release month --- replace with the actual gazetted date when known. URL TBD --- starting point: https://www.ourstatebudget.wa.gov.au/
WA_2022-23_budget,WA,budget,2022-23,2022-05-15,https://www.ourstatebudget.wa.gov.au/2022-23/budget-papers/bp3/2022-23-wa-state-budget-bp3.pdf,data/raw/wa/2022-23_budget.pdf,v0,Source URL scraped from ourstatebudget.wa.gov.au.
WA_2022-23_myefo,WA,myefo,2022-23,2022-12-15,,data/raw/wa/2022-23_myefo.pdf,v0,State-specific name: Mid-Year Review. release_date is an estimate from typical release month --- replace with the actual gazetted date when known. URL TBD --- starting point: https://www.ourstatebudget.wa.gov.au/
WA_2022-23_outcome,WA,outcome,2022-23,2023-09-15,,data/raw/wa/2022-23_outcome.pdf,v0,State-specific name: Annual Report on State Finances. release_date is an estimate from typical release month --- replace with the actual gazetted date when known. URL TBD --- starting point: https://www.ourstatebudget.wa.gov.au/
WA_2023-24_budget,WA,budget,2023-24,2023-05-15,https://www.ourstatebudget.wa.gov.au/2023-24/budget-papers/bp3/2023-24-wa-state-budget-bp3.pdf,data/raw/wa/2023-24_budget.pdf,v0,Source URL scraped from ourstatebudget.wa.gov.au.
WA_2023-24_myefo,WA,myefo,2023-24,2023-12-15,,data/raw/wa/2023-24_myefo.pdf,v0,State-specific name: Mid-Year Review. release_date is an estimate from typical release month --- replace with the actual gazetted date when known. URL TBD --- starting point: https://www.ourstatebudget.wa.gov.au/
WA_2023-24_outcome,WA,outcome,2023-24,2024-09-15,,data/raw/wa/2023-24_outcome.pdf,v0,State-specific name: Annual Report on State Finances. release_date is an estimate from typical release month --- replace with the actual gazetted date when known. URL TBD --- starting point: https://www.ourstatebudget.wa.gov.au/
WA_2024-25_budget,WA,budget,2024-25,2024-05-15,https://www.ourstatebudget.wa.gov.au/2024-25/budget-papers/bp3/2024-25-wa-state-budget-bp3.pdf,data/raw/wa/2024-25_budget.pdf,v0,Source URL scraped from ourstatebudget.wa.gov.au.
WA_2024-25_myefo,WA,myefo,2024-25,2024-12-15,,data/raw/wa/2024-25_myefo.pdf,v0,State-specific name: Mid-Year Review. release_date is an estimate from typical release month --- replace with the actual gazetted date when known. URL TBD --- starting point: https://www.ourstatebudget.wa.gov.au/
WA_2024-25_outcome,WA,outcome,2024-25,2025-09-15,,data/raw/wa/2024-25_outcome.pdf,v0,State-specific name: Annual Report on State Finances. release_date is an estimate from typical release month --- replace with the actual gazetted date when known. URL TBD --- starting point: https://www.ourstatebudget.wa.gov.au/
WA_2025-26_budget,WA,budget,2025-26,2025-05-15,https://www.ourstatebudget.wa.gov.au/2025-26/budget-papers/bp3/2025-26-wa-state-budget-bp3.pdf,data/raw/wa/2025-26_budget.pdf,v0,Source URL scraped from ourstatebudget.wa.gov.au.
WA_2025-26_myefo,WA,myefo,2025-26,2025-12-15,,data/raw/wa/2025-26_myefo.pdf,v0,State-specific name: Mid-Year Review. release_date is an estimate from typical release month --- replace with the actual gazetted date when known. URL TBD --- starting point: https://www.ourstatebudget.wa.gov.au/
